,Pokemon,Ability,Use_Percentage (%)
0,Zacian-Crowned,Intrepid Sword,100.000%
1,Incineroar,Intimidate,99.927%
2,Incineroar,Blaze,0.073%
3,Kyogre,Drizzle,100.000%
4,Grimmsnarl,Prankster,99.959%
5,Grimmsnarl,Frisk,0.037%
6,Grimmsnarl,Pickpocket,0.004%
7,Regieleki,Transistor,100.000%
8,Rillaboom,Grassy Surge,99.847%
9,Rillaboom,Overgrow,0.153%
10,Groudon,Drought,100.000%
11,Thundurus,Defiant,73.775%
12,Thundurus,Prankster,26.225%
13,Landorus-Therian,Intimidate,100.000%
14,Gastrodon,Storm Drain,99.593%
15,Gastrodon,Sticky Hold,0.403%
16,Gastrodon,Sand Force,0.004%
17,Charizard,Solar Power,99.348%
18,Charizard,Blaze,0.652%
19,Amoonguss,Regenerator,97.913%
20,Amoonguss,Effect Spore,2.087%
21,Indeedee-F,Psychic Surge,98.790%
22,Indeedee-F,Synchronize,0.888%
23,Indeedee-F,Own Tempo,0.322%
24,Whimsicott,Prankster,99.894%
25,Whimsicott,Chlorophyll,0.103%
26,Whimsicott,Infiltrator,0.003%
27,Yveltal,Dark Aura,100.000%
28,Palkia,Pressure,85.103%
29,Palkia,Telepathy,14.897%
30,Porygon2,Download,50.905%
31,Porygon2,Trace,28.727%
32,Porygon2,Analytic,20.368%
33,Tornadus,Prankster,99.884%
34,Tornadus,Defiant,0.116%
35,Zapdos,Static,93.843%
36,Zapdos,Pressure,6.157%
37,Kartana,Beast Boost,100.000%
38,Blastoise,Torrent,86.365%
39,Blastoise,Rain Dish,13.635%
40,Venusaur,Chlorophyll,97.599%
41,Venusaur,Overgrow,2.401%
42,Ferrothorn,Iron Barbs,99.799%
43,Ferrothorn,Anticipation,0.201%
44,Ditto,Imposter,99.969%
45,Ditto,Limber,0.031%
46,Urshifu,Unseen Fist,100.000%
47,Xerneas,Fairy Aura,100.000%
48,Dialga,Pressure,58.210%
49,Dialga,Telepathy,41.790%
50,Shedinja,Wonder Guard,100.000%
51,Solgaleo,Full Metal Body,100.000%
52,Dusclops,Frisk,98.723%
53,Dusclops,Pressure,1.277%
54,Torkoal,Drought,99.988%
55,Torkoal,White Smoke,0.012%
56,Torkoal,Shell Armor,0.000%
57,Kingdra,Swift Swim,99.999%
58,Kingdra,Sniper,0.001%
59,Kingdra,Damp,0.000%
60,Raichu,Lightning Rod,99.067%
61,Raichu,Static,0.933%
62,Weezing,Neutralizing Gas,99.696%
63,Weezing,Levitate,0.304%
64,Weezing,Stench,0.000%
65,Entei,Inner Focus,99.878%
66,Entei,Pressure,0.122%
67,Lunala,Shadow Shield,100.000%
68,Kyurem-White,Turboblaze,100.000%
69,Tapu Fini,Misty Surge,99.929%
70,Tapu Fini,Telepathy,0.071%
71,Sableye,Prankster,99.777%
72,Sableye,Keen Eye,0.223%
73,Sableye,Stall,0.000%
74,Urshifu-Rapid-Strike,Unseen Fist,100.000%
75,Tapu Lele,Psychic Surge,100.000%
76,Tapu Lele,Telepathy,0.000%
77,Mimikyu,Disguise,100.000%
78,Gothitelle,Shadow Tag,99.614%
79,Gothitelle,Competitive,0.385%
80,Gothitelle,Frisk,0.000%
81,Seismitoad,Swift Swim,99.187%
82,Seismitoad,Water Absorb,0.813%
83,Seismitoad,Poison Touch,0.000%
84,Ho-Oh,Regenerator,97.028%
85,Ho-Oh,Pressure,2.972%
86,Rotom-Heat,Levitate,100.000%
87,Eternatus,Pressure,100.000%
88,Regigigas,Slow Start,100.000%
89,Cinderace,Libero,99.701%
90,Cinderace,Blaze,0.299%
91,Bronzong,Levitate,99.369%
92,Bronzong,Heatproof,0.625%
93,Bronzong,Heavy Metal,0.006%
94,Togekiss,Super Luck,76.429%
95,Togekiss,Serene Grace,21.832%
96,Togekiss,Hustle,1.740%
97,Coalossal,Steam Engine,99.731%
98,Coalossal,Flame Body,0.209%
99,Coalossal,Flash Fire,0.060%
100,Dragapult,Clear Body,96.639%
101,Dragapult,Infiltrator,1.730%
102,Dragapult,Cursed Body,1.631%
103,Umbreon,Inner Focus,98.123%
104,Umbreon,Synchronize,1.877%
105,Indeedee,Psychic Surge,99.230%
106,Indeedee,Inner Focus,0.680%
107,Indeedee,Synchronize,0.090%
108,Comfey,Triage,99.754%
109,Comfey,Flower Veil,0.245%
110,Comfey,Natural Cure,0.001%
111,Lapras,Water Absorb,89.324%
112,Lapras,Shell Armor,8.678%
113,Lapras,Hydration,1.998%
114,Rayquaza,Air Lock,100.000%
115,Spectrier,Grim Neigh,100.000%
116,Reshiram,Turboblaze,100.000%
117,Zygarde,Power Construct,98.383%
118,Zygarde,Aura Break,1.617%
119,Mamoswine,Oblivious,99.774%
120,Mamoswine,Thick Fat,0.225%
121,Mamoswine,Snow Cloak,0.002%
122,Necrozma-Dawn-Wings,Prism Armor,100.000%
123,Barraskewda,Swift Swim,94.017%
124,Barraskewda,Propeller Tail,5.983%
125,Celesteela,Beast Boost,100.000%
126,Metagross,Clear Body,99.996%
127,Metagross,Light Metal,0.004%
128,Araquanid,Water Bubble,99.627%
129,Araquanid,Water Absorb,0.373%
130,Pheromosa,Beast Boost,100.000%
131,Arcanine,Intimidate,94.350%
132,Arcanine,Justified,5.489%
133,Arcanine,Flash Fire,0.161%
134,Zamazenta-Crowned,Dauntless Shield,100.000%
135,Clefairy,Friend Guard,99.864%
136,Clefairy,Cute Charm,0.111%
137,Clefairy,Magic Guard,0.026%
138,Mienshao,Inner Focus,99.828%
139,Mienshao,Regenerator,0.109%
140,Mienshao,Reckless,0.063%
141,Lugia,Multiscale,99.900%
142,Lugia,Pressure,0.100%
143,Chansey,Natural Cure,57.598%
144,Chansey,Healer,31.382%
145,Chansey,Serene Grace,11.020%
146,Suicune,Inner Focus,97.747%
147,Suicune,Pressure,2.253%
148,Landorus,Sheer Force,98.745%
149,Landorus,Sand Force,1.255%
150,Necrozma-Dusk-Mane,Prism Armor,100.000%
151,Alcremie,Aroma Veil,70.927%
152,Alcremie,Sweet Veil,29.073%
153,Tapu Koko,Electric Surge,99.958%
154,Tapu Koko,Telepathy,0.042%
155,Liepard,Prankster,99.998%
156,Liepard,Limber,0.001%
157,Liepard,Unburden,0.001%
158,Hydreigon,Levitate,100.000%
159,Weavile,Pressure,96.005%
160,Weavile,Pickpocket,3.995%
161,Tsareena,Queenly Majesty,96.983%
162,Tsareena,Sweet Veil,2.643%
163,Tsareena,Leaf Guard,0.373%
164,Glastrier,Chilling Neigh,100.000%
165,Dracovish,Strong Jaw,85.684%
166,Dracovish,Sand Rush,7.501%
167,Dracovish,Water Absorb,6.815%
168,Hitmontop,Intimidate,99.935%
169,Hitmontop,Technician,0.065%
170,Hitmontop,Steadfast,0.000%
171,Darmanitan-Galar,Gorilla Tactics,99.777%
172,Darmanitan-Galar,Zen Mode,0.223%
173,Zekrom,Teravolt,100.000%
174,Shuckle,Sturdy,99.619%
175,Shuckle,Contrary,0.350%
176,Shuckle,Gluttony,0.031%
177,Zapdos-Galar,Defiant,100.000%
178,Volcarona,Flame Body,99.713%
179,Volcarona,Swarm,0.287%
180,Meowstic,Prankster,99.520%
181,Meowstic,Keen Eye,0.462%
182,Meowstic,Competitive,0.014%
183,Meowstic,Infiltrator,0.004%
184,Persian-Alola,Fur Coat,98.708%
185,Persian-Alola,Rattled,1.287%
186,Persian-Alola,Technician,0.006%
187,Snorlax,Thick Fat,52.198%
188,Snorlax,Gluttony,47.525%
189,Snorlax,Immunity,0.277%
190,Stakataka,Beast Boost,100.000%
191,Thundurus-Therian,Volt Absorb,100.000%
192,Moltres-Galar,Berserk,100.000%
193,Talonflame,Gale Wings,99.889%
194,Talonflame,Flame Body,0.111%
195,Milotic,Competitive,99.729%
196,Milotic,Marvel Scale,0.271%
197,Milotic,Cute Charm,0.000%
198,Mewtwo,Unnerve,74.627%
199,Mewtwo,Pressure,25.373%
200,Klinklang,Clear Body,99.769%
201,Klinklang,Minus,0.226%
202,Klinklang,Plus,0.005%
203,Inteleon,Sniper,82.305%
204,Inteleon,Torrent,17.695%
205,Salamence,Intimidate,94.950%
206,Salamence,Moxie,5.050%
207,Hatterene,Healer,50.680%
208,Hatterene,Magic Bounce,49.320%
209,Hatterene,Anticipation,0.000%
210,Sneasel,Inner Focus,100.000%
211,Sneasel,Pickpocket,0.000%
212,Sneasel,Keen Eye,0.000%
213,Escavalier,Overcoat,97.221%
214,Escavalier,Swarm,2.107%
215,Escavalier,Shell Armor,0.673%
216,Rotom-Wash,Levitate,100.000%
217,Politoed,Drizzle,99.879%
218,Politoed,Water Absorb,0.121%
219,Politoed,Damp,0.000%
220,Ludicolo,Swift Swim,92.872%
221,Ludicolo,Rain Dish,7.128%
222,Ludicolo,Own Tempo,0.000%
223,Slowking,Oblivious,95.974%
224,Slowking,Regenerator,3.927%
225,Slowking,Own Tempo,0.099%
226,Swampert,Torrent,94.510%
227,Swampert,Damp,5.490%
228,Azumarill,Sap Sipper,77.089%
229,Azumarill,Huge Power,22.903%
230,Azumarill,Thick Fat,0.008%
231,Scizor,Technician,100.000%
232,Scizor,Swarm,0.000%
233,Scizor,Light Metal,0.000%
234,Articuno-Galar,Competitive,100.000%
235,Tyranitar,Sand Stream,99.698%
236,Tyranitar,Unnerve,0.302%
237,Pikachu,Lightning Rod,98.783%
238,Pikachu,Static,1.217%
239,Ninetales-Alola,Snow Warning,99.852%
240,Ninetales-Alola,Snow Cloak,0.148%
241,Marowak-Alola,Lightning Rod,82.874%
242,Marowak-Alola,Rock Head,10.217%
243,Marowak-Alola,Cursed Body,6.910%
244,Slowbro,Regenerator,96.131%
245,Slowbro,Oblivious,3.868%
246,Slowbro,Own Tempo,0.001%
247,Giratina-Origin,Levitate,100.000%
248,Toxapex,Regenerator,99.935%
249,Toxapex,Merciless,0.064%
250,Toxapex,Limber,0.001%
251,Raikou,Inner Focus,97.995%
252,Raikou,Pressure,2.005%
253,Pelipper,Drizzle,99.816%
254,Pelipper,Rain Dish,0.184%
255,Pelipper,Keen Eye,0.000%
256,Weezing-Galar,Neutralizing Gas,99.770%
257,Weezing-Galar,Misty Surge,0.223%
258,Weezing-Galar,Levitate,0.007%
259,Kingler,Hyper Cutter,99.990%
260,Kingler,Sheer Force,0.010%
261,Kingler,Shell Armor,0.000%
262,Oranguru,Telepathy,47.056%
263,Oranguru,Inner Focus,34.194%
264,Oranguru,Symbiosis,18.750%
265,Nihilego,Beast Boost,100.000%
266,Togedemaru,Lightning Rod,94.650%
267,Togedemaru,Sturdy,4.155%
268,Togedemaru,Iron Barbs,1.194%
269,Gyarados,Intimidate,89.587%
270,Gyarados,Moxie,10.413%
271,Garchomp,Rough Skin,83.814%
272,Garchomp,Sand Veil,16.186%
273,Heliolisk,Dry Skin,86.216%
274,Heliolisk,Solar Power,11.701%
275,Heliolisk,Sand Veil,2.084%
276,Tapu Bulu,Grassy Surge,99.915%
277,Tapu Bulu,Telepathy,0.085%
278,Kangaskhan,Scrappy,99.569%
279,Kangaskhan,Inner Focus,0.431%
280,Kangaskhan,Early Bird,0.000%
281,Moltres,Flame Body,99.878%
282,Moltres,Pressure,0.122%
283,Krookodile,Anger Point,45.194%
284,Krookodile,Intimidate,35.456%
285,Krookodile,Moxie,19.349%
286,Drifblim,Unburden,99.957%
287,Drifblim,Aftermath,0.028%
288,Drifblim,Flare Boost,0.015%
289,Excadrill,Sand Rush,55.376%
290,Excadrill,Mold Breaker,44.601%
291,Excadrill,Sand Force,0.023%
292,Primarina,Liquid Voice,89.378%
293,Primarina,Torrent,10.622%
294,Shiftry,Chlorophyll,100.000%
295,Shiftry,Early Bird,0.000%
296,Shiftry,Pickpocket,0.000%
297,Chandelure,Flash Fire,96.273%
298,Chandelure,Infiltrator,3.642%
299,Chandelure,Flame Body,0.085%
300,Toxicroak,Dry Skin,97.862%
301,Toxicroak,Anticipation,1.887%
302,Toxicroak,Poison Touch,0.250%
303,Dracozolt,Hustle,68.885%
304,Dracozolt,Sand Rush,29.760%
305,Dracozolt,Volt Absorb,1.355%
306,Sceptile,Unburden,95.001%
307,Sceptile,Overgrow,4.999%
308,Pincurchin,Electric Surge,98.667%
309,Pincurchin,Lightning Rod,1.333%
310,Aegislash,Stance Change,100.000%
311,Centiskorch,White Smoke,99.043%
312,Centiskorch,Flash Fire,0.957%
313,Centiskorch,Flame Body,0.000%
314,Greedent,Cheek Pouch,100.000%
315,Greedent,Gluttony,0.000%
316,Porygon-Z,Adaptability,99.959%
317,Porygon-Z,Analytic,0.028%
318,Porygon-Z,Download,0.013%
319,Butterfree,Compound Eyes,99.334%
320,Butterfree,Tinted Lens,0.666%
321,Lucario,Inner Focus,83.157%
322,Lucario,Justified,16.457%
323,Lucario,Steadfast,0.385%
324,Mudsdale,Inner Focus,40.005%
325,Mudsdale,Own Tempo,36.643%
326,Mudsdale,Stamina,23.352%
327,Cherrim,Flower Gift,100.000%
328,Exeggutor,Harvest,82.502%
329,Exeggutor,Chlorophyll,17.498%
330,Altaria,Cloud Nine,99.797%
331,Altaria,Natural Cure,0.203%
332,Klefki,Prankster,100.000%
333,Klefki,Magician,0.000%
334,Froslass,Cursed Body,98.382%
335,Froslass,Snow Cloak,1.618%
336,Gigalith,Sand Stream,97.928%
337,Gigalith,Sand Force,1.874%
338,Gigalith,Sturdy,0.198%
339,Jellicent,Water Absorb,94.582%
340,Jellicent,Cursed Body,5.418%
341,Jellicent,Damp,0.000%
342,Riolu,Prankster,99.996%
343,Riolu,Steadfast,0.004%
344,Riolu,Inner Focus,0.000%
345,Mandibuzz,Overcoat,62.594%
346,Mandibuzz,Weak Armor,37.405%
347,Mandibuzz,Big Pecks,0.001%
348,Lurantis,Contrary,99.998%
349,Lurantis,Leaf Guard,0.002%
350,Latias,Levitate,100.000%
351,Exeggutor-Alola,Frisk,58.873%
352,Exeggutor-Alola,Harvest,41.127%
353,Dragonite,Multiscale,68.634%
354,Dragonite,Inner Focus,31.366%
355,Darmanitan,Sheer Force,99.903%
356,Darmanitan,Zen Mode,0.097%
357,Cradily,Storm Drain,99.993%
358,Cradily,Suction Cups,0.007%
359,Obstagoon,Defiant,92.337%
360,Obstagoon,Guts,7.593%
361,Obstagoon,Reckless,0.070%
362,Scrafty,Intimidate,99.995%
363,Scrafty,Shed Skin,0.004%
364,Scrafty,Moxie,0.000%
365,Aerodactyl,Unnerve,74.095%
366,Aerodactyl,Rock Head,14.632%
367,Aerodactyl,Pressure,11.273%
368,Kabutops,Weak Armor,87.176%
369,Kabutops,Swift Swim,12.822%
370,Kabutops,Battle Armor,0.002%
371,Articuno,Snow Cloak,55.412%
372,Articuno,Pressure,44.588%
373,Blacephalon,Beast Boost,100.000%
374,Duraludon,Stalwart,92.912%
375,Duraludon,Light Metal,6.695%
376,Duraludon,Heavy Metal,0.393%
377,Trevenant,Frisk,97.728%
378,Trevenant,Harvest,2.271%
379,Trevenant,Natural Cure,0.001%
380,Drednaw,Swift Swim,99.997%
381,Drednaw,Strong Jaw,0.003%
382,Drednaw,Shell Armor,0.000%
383,Heatran,Flash Fire,97.556%
384,Heatran,Flame Body,2.444%
385,Clefable,Unaware,88.634%
386,Clefable,Magic Guard,8.446%
387,Clefable,Cute Charm,2.920%
388,Appletun,Thick Fat,95.609%
389,Appletun,Ripen,4.382%
390,Appletun,Gluttony,0.009%
391,Bisharp,Defiant,97.829%
392,Bisharp,Inner Focus,2.171%
393,Bisharp,Pressure,0.000%
394,Registeel,Clear Body,97.969%
395,Registeel,Light Metal,2.031%
396,Rhyperior,Solid Rock,58.073%
397,Rhyperior,Lightning Rod,41.908%
398,Rhyperior,Reckless,0.019%
399,Stonjourner,Power Spot,100.000%
400,Electivire,Motor Drive,99.953%
401,Electivire,Vital Spirit,0.047%
402,Leafeon,Chlorophyll,99.788%
403,Leafeon,Leaf Guard,0.212%
404,Abomasnow,Snow Warning,99.999%
405,Abomasnow,Soundproof,0.001%
406,Diggersby,Huge Power,100.000%
407,Diggersby,Pickup,0.000%
408,Diggersby,Cheek Pouch,0.000%
409,Giratina,Pressure,71.964%
410,Giratina,Telepathy,28.036%
411,Swoobat,Simple,99.902%
412,Swoobat,Unaware,0.097%
413,Swoobat,Klutz,0.001%
414,Corviknight,Mirror Armor,97.174%
415,Corviknight,Pressure,2.274%
416,Corviknight,Unnerve,0.551%
417,Vikavolt,Levitate,100.000%
418,Durant,Hustle,99.831%
419,Durant,Swarm,0.133%
420,Durant,Truant,0.036%
421,Cresselia,Levitate,100.000%
422,Mr. Rime,Screen Cleaner,98.763%
423,Mr. Rime,Ice Body,1.033%
424,Mr. Rime,Tangled Feet,0.204%
425,Wishiwashi,Schooling,100.000%
426,Conkeldurr,Guts,72.659%
427,Conkeldurr,Iron Fist,25.850%
428,Conkeldurr,Sheer Force,1.491%
429,Boltund,Competitive,99.574%
430,Boltund,Strong Jaw,0.426%
431,Terrakion,Justified,100.000%
432,Cobalion,Justified,100.000%
433,Kyurem-Black,Teravolt,100.000%
434,Mantine,Swift Swim,99.842%
435,Mantine,Water Absorb,0.158%
436,Machamp,No Guard,94.555%
437,Machamp,Steadfast,4.020%
438,Machamp,Guts,1.425%
439,Goodra,Sap Sipper,86.732%
440,Goodra,Hydration,11.135%
441,Goodra,Gooey,2.134%
442,Silvally,RKS System,100.000%
443,Accelgor,Unburden,70.479%
444,Accelgor,Sticky Hold,23.132%
445,Accelgor,Hydration,6.390%
446,Xurkitree,Beast Boost,100.000%
447,Tauros,Anger Point,95.520%
448,Tauros,Sheer Force,2.347%
449,Tauros,Intimidate,2.133%
450,Garbodor,Weak Armor,99.792%
451,Garbodor,Aftermath,0.184%
452,Garbodor,Stench,0.024%
453,Luxray,Guts,86.430%
454,Luxray,Intimidate,13.570%
455,Luxray,Rivalry,0.000%
456,Dugtrio,Arena Trap,97.967%
457,Dugtrio,Sand Veil,2.026%
458,Dugtrio,Sand Force,0.007%
459,Rotom-Mow,Levitate,100.000%
460,Gengar,Cursed Body,100.000%
461,Glaceon,Snow Cloak,98.784%
462,Glaceon,Ice Body,1.216%
463,Manectric,Lightning Rod,98.309%
464,Manectric,Minus,1.691%
465,Manectric,Static,0.000%
466,Palossand,Water Compaction,100.000%
467,Palossand,Sand Veil,0.000%
468,Espeon,Magic Bounce,99.567%
469,Espeon,Synchronize,0.433%
470,Crobat,Inner Focus,79.033%
471,Crobat,Infiltrator,20.967%
472,Tyrantrum,Rock Head,99.866%
473,Tyrantrum,Strong Jaw,0.134%
474,Cinccino,Skill Link,89.304%
475,Cinccino,Technician,10.696%
476,Cinccino,Cute Charm,0.000%
477,Kommo-o,Overcoat,52.187%
478,Kommo-o,Soundproof,47.810%
479,Kommo-o,Bulletproof,0.003%
480,Blissey,Serene Grace,69.948%
481,Blissey,Natural Cure,26.999%
482,Blissey,Healer,3.054%
483,Cloyster,Skill Link,99.960%
484,Cloyster,Overcoat,0.039%
485,Cloyster,Shell Armor,0.001%
486,Blaziken,Speed Boost,99.990%
487,Blaziken,Blaze,0.010%
488,Drampa,Cloud Nine,87.480%
489,Drampa,Sap Sipper,8.813%
490,Drampa,Berserk,3.707%
491,Hawlucha,Unburden,86.197%
492,Hawlucha,Mold Breaker,13.704%
493,Hawlucha,Limber,0.099%
494,Mr. Mime-Galar,Vital Spirit,50.430%
495,Mr. Mime-Galar,Screen Cleaner,49.553%
496,Mr. Mime-Galar,Ice Body,0.017%
497,Grapploct,Limber,85.148%
498,Grapploct,Technician,14.852%
499,Zoroark,Illusion,100.000%
500,Lilligant,Chlorophyll,99.545%
501,Lilligant,Own Tempo,0.453%
502,Lilligant,Leaf Guard,0.002%
503,Clawitzer,Mega Launcher,100.000%
504,Qwilfish,Intimidate,99.325%
505,Qwilfish,Swift Swim,0.669%
506,Qwilfish,Poison Point,0.006%
507,Haxorus,Mold Breaker,97.616%
508,Haxorus,Unnerve,2.301%
509,Haxorus,Rivalry,0.083%
510,Dhelmise,Steelworker,100.000%
511,Runerigus,Wandering Spirit,100.000%
512,Braviary,Defiant,99.876%
513,Braviary,Keen Eye,0.104%
514,Braviary,Sheer Force,0.020%
515,Virizion,Justified,100.000%
516,Togetic,Serene Grace,69.448%
517,Togetic,Super Luck,21.452%
518,Togetic,Hustle,9.100%
519,Raichu-Alola,Surge Surfer,100.000%
520,Beartic,Slush Rush,76.245%
521,Beartic,Swift Swim,23.592%
522,Beartic,Snow Cloak,0.162%
523,Copperajah,Sheer Force,85.824%
524,Copperajah,Heavy Metal,14.176%
525,Flapple,Hustle,93.710%
526,Flapple,Ripen,6.289%
527,Flapple,Gluttony,0.001%
528,Sylveon,Pixilate,99.281%
529,Sylveon,Cute Charm,0.719%
530,Slurpuff,Unburden,99.986%
531,Slurpuff,Sweet Veil,0.014%
532,Eiscue,Ice Face,100.000%
533,Hippowdon,Sand Stream,92.875%
534,Hippowdon,Sand Force,7.125%
535,Alakazam,Magic Guard,81.760%
536,Alakazam,Inner Focus,14.202%
537,Alakazam,Synchronize,4.039%
538,Torracat,Intimidate,99.998%
539,Torracat,Blaze,0.002%
540,Thievul,Unburden,99.565%
541,Thievul,Stakeout,0.435%
542,Thievul,Run Away,0.001%
543,Arctozolt,Volt Absorb,93.586%
544,Arctozolt,Static,6.414%
545,Cofagrigus,Mummy,100.000%
546,Starmie,Natural Cure,65.201%
547,Starmie,Analytic,31.130%
548,Starmie,Illuminate,3.669%
549,Turtonator,Shell Armor,100.000%
550,Sharpedo,Speed Boost,99.057%
551,Sharpedo,Rough Skin,0.943%
552,Salazzle,Corrosion,52.985%
553,Salazzle,Oblivious,47.015%
554,Ninetales,Drought,99.868%
555,Ninetales,Flash Fire,0.132%
556,Sirfetch'd,Scrappy,99.328%
557,Sirfetch'd,Steadfast,0.672%
558,Emolga,Motor Drive,77.116%
559,Emolga,Static,22.884%
560,Ribombee,Shield Dust,54.465%
561,Ribombee,Sweet Veil,44.542%
562,Ribombee,Honey Gather,0.993%
563,Charjabug,Battery,100.000%
564,Toxtricity,Punk Rock,99.781%
565,Toxtricity,Plus,0.109%
566,Toxtricity,Technician,0.074%
567,Toxtricity,Minus,0.036%
568,Vaporeon,Water Absorb,97.966%
569,Vaporeon,Hydration,2.034%
570,Mr. Mime,Soundproof,60.628%
571,Mr. Mime,Filter,36.799%
572,Mr. Mime,Technician,2.573%
573,Magnezone,Sturdy,64.126%
574,Magnezone,Analytic,31.935%
575,Magnezone,Magnet Pull,3.939%
576,Gallade,Justified,85.462%
577,Gallade,Steadfast,14.538%
578,Lopunny,Klutz,47.612%
579,Lopunny,Cute Charm,27.258%
580,Lopunny,Limber,25.130%
581,Gourgeist-Small,Frisk,98.646%
582,Gourgeist-Small,Pickup,1.354%
583,Malamar,Contrary,99.952%
584,Malamar,Infiltrator,0.048%
585,Malamar,Suction Cups,0.000%
586,Golisopod,Emergency Exit,100.000%
587,Golduck,Cloud Nine,86.812%
588,Golduck,Swift Swim,12.989%
589,Golduck,Damp,0.199%
590,Shiinotic,Effect Spore,87.374%
591,Shiinotic,Rain Dish,11.580%
592,Shiinotic,Illuminate,1.046%
593,Lycanroc-Dusk,Tough Claws,100.000%
594,Unfezant,Super Luck,99.652%
595,Unfezant,Big Pecks,0.348%
596,Unfezant,Rivalry,0.000%
597,Perrserker,Steely Spirit,71.525%
598,Perrserker,Tough Claws,28.448%
599,Perrserker,Battle Armor,0.028%
600,Slowbro-Galar,Quick Draw,83.932%
601,Slowbro-Galar,Regenerator,13.946%
602,Slowbro-Galar,Own Tempo,2.121%
603,Bouffalant,Sap Sipper,99.032%
604,Bouffalant,Soundproof,0.550%
605,Bouffalant,Reckless,0.419%
606,Rotom-Frost,Levitate,100.000%
607,Roserade,Natural Cure,90.973%
608,Roserade,Poison Point,8.690%
609,Roserade,Technician,0.338%
610,Tangrowth,Regenerator,92.203%
611,Tangrowth,Chlorophyll,7.721%
612,Tangrowth,Leaf Guard,0.077%
613,Sandaconda,Shed Skin,55.896%
614,Sandaconda,Sand Spit,33.014%
615,Sandaconda,Sand Veil,11.090%
616,Polteageist,Weak Armor,65.833%
617,Polteageist,Cursed Body,34.167%
618,Tangela,Regenerator,97.040%
619,Tangela,Chlorophyll,2.941%
620,Tangela,Leaf Guard,0.019%
621,Morpeko,Hunger Switch,100.000%
622,Eldegoss,Cotton Down,92.851%
623,Eldegoss,Regenerator,6.593%
624,Eldegoss,Effect Spore,0.556%
625,Aromatisse,Aroma Veil,87.030%
626,Aromatisse,Healer,12.970%
627,Miltank,Sap Sipper,88.596%
628,Miltank,Scrappy,8.060%
629,Miltank,Thick Fat,3.344%
630,Gourgeist-Super,Frisk,96.738%
631,Gourgeist-Super,Insomnia,3.163%
632,Gourgeist-Super,Pickup,0.099%
633,Crawdaunt,Adaptability,91.071%
634,Crawdaunt,Hyper Cutter,8.929%
635,Crawdaunt,Shell Armor,0.000%
636,Heracross,Moxie,51.673%
637,Heracross,Guts,47.992%
638,Heracross,Swarm,0.336%
639,Magneton,Analytic,69.106%
640,Magneton,Magnet Pull,20.648%
641,Magneton,Sturdy,10.246%
642,Stoutland,Sand Rush,80.760%
643,Stoutland,Intimidate,18.933%
644,Stoutland,Scrappy,0.307%
645,Noivern,Frisk,75.346%
646,Noivern,Infiltrator,16.234%
647,Noivern,Telepathy,8.420%
648,Claydol,Levitate,100.000%
649,Jolteon,Volt Absorb,86.987%
650,Jolteon,Quick Feet,13.013%
651,Vileplume,Chlorophyll,92.915%
652,Vileplume,Effect Spore,7.085%
653,Cursola,Perish Body,81.619%
654,Cursola,Weak Armor,18.381%
655,Falinks,Defiant,96.910%
656,Falinks,Battle Armor,3.090%
657,Dedenne,Cheek Pouch,67.092%
658,Dedenne,Pickup,20.966%
659,Dedenne,Plus,11.943%
660,Flygon,Levitate,100.000%
661,Crustle,Weak Armor,86.481%
662,Crustle,Sturdy,13.509%
663,Crustle,Shell Armor,0.010%
664,Reuniclus,Magic Guard,50.299%
665,Reuniclus,Overcoat,47.848%
666,Reuniclus,Regenerator,1.853%
667,Dusknoir,Frisk,94.745%
668,Dusknoir,Pressure,5.255%
669,Drapion,Battle Armor,80.102%
670,Drapion,Sniper,19.843%
671,Drapion,Keen Eye,0.055%
672,Exploud,Soundproof,61.751%
673,Exploud,Scrappy,38.249%
674,Wigglytuff,Competitive,98.753%
675,Wigglytuff,Frisk,0.916%
676,Wigglytuff,Cute Charm,0.331%
677,Gardevoir,Trace,92.987%
678,Gardevoir,Telepathy,3.627%
679,Gardevoir,Synchronize,3.386%
680,Corsola-Galar,Cursed Body,99.197%
681,Corsola-Galar,Weak Armor,0.803%
682,Vanilluxe,Snow Warning,99.989%
683,Vanilluxe,Weak Armor,0.011%
684,Vanilluxe,Ice Body,0.000%
685,Seaking,Lightning Rod,98.592%
686,Seaking,Swift Swim,1.408%
687,Seaking,Water Veil,0.000%
688,Sigilyph,Magic Guard,69.132%
689,Sigilyph,Wonder Skin,17.863%
690,Sigilyph,Tinted Lens,13.004%
691,Decidueye,Overgrow,72.437%
692,Decidueye,Long Reach,27.563%
693,Galvantula,Compound Eyes,99.552%
694,Galvantula,Unnerve,0.448%
695,Galvantula,Swarm,0.000%
696,Arctovish,Water Absorb,99.977%
697,Arctovish,Ice Body,0.023%
698,Maractus,Storm Drain,85.498%
699,Maractus,Water Absorb,13.502%
700,Maractus,Chlorophyll,1.000%
701,Orbeetle,Frisk,89.856%
702,Orbeetle,Telepathy,8.055%
703,Orbeetle,Swarm,2.089%
704,Passimian,Defiant,60.536%
705,Passimian,Receiver,39.464%
706,Ninjask,Speed Boost,98.908%
707,Ninjask,Infiltrator,1.092%
708,Druddigon,Rough Skin,92.085%
709,Druddigon,Sheer Force,6.207%
710,Druddigon,Mold Breaker,1.708%
711,Lycanroc,Sand Rush,97.601%
712,Lycanroc,Steadfast,1.991%
713,Lycanroc,Keen Eye,0.408%
714,Beheeyem,Analytic,93.409%
715,Beheeyem,Telepathy,5.687%
716,Beheeyem,Synchronize,0.904%
717,Marowak,Lightning Rod,96.593%
718,Marowak,Battle Armor,3.302%
719,Marowak,Rock Head,0.105%
720,Tentacruel,Clear Body,97.048%
721,Tentacruel,Rain Dish,2.605%
722,Tentacruel,Liquid Ooze,0.347%
723,Dragalge,Adaptability,99.169%
724,Dragalge,Poison Point,0.805%
725,Dragalge,Poison Touch,0.025%
726,Flareon,Guts,94.976%
727,Flareon,Flash Fire,5.024%
728,Bewear,Fluffy,99.822%
729,Bewear,Unnerve,0.176%
730,Bewear,Klutz,0.002%
731,Scyther,Technician,99.161%
732,Scyther,Swarm,0.492%
733,Scyther,Steadfast,0.346%
734,Sandslash-Alola,Slush Rush,99.585%
735,Sandslash-Alola,Snow Cloak,0.415%
736,Poliwrath,Swift Swim,95.257%
737,Poliwrath,Water Absorb,4.742%
738,Poliwrath,Damp,0.001%
739,Lycanroc-Midnight,No Guard,79.701%
740,Lycanroc-Midnight,Vital Spirit,20.287%
741,Lycanroc-Midnight,Keen Eye,0.012%
742,Golurk,No Guard,70.410%
743,Golurk,Iron Fist,28.228%
744,Golurk,Klutz,1.362%
745,Lickilicky,Cloud Nine,69.135%
746,Lickilicky,Own Tempo,30.243%
747,Lickilicky,Oblivious,0.621%
748,Rotom-Fan,Levitate,100.000%
749,Hitmonlee,Unburden,99.204%
750,Hitmonlee,Reckless,0.795%
751,Hitmonlee,Limber,0.001%
752,Scolipede,Speed Boost,99.826%
753,Scolipede,Poison Point,0.173%
754,Scolipede,Swarm,0.001%
755,Dunsparce,Serene Grace,55.668%
756,Dunsparce,Rattled,44.332%
757,Dunsparce,Run Away,0.000%
758,Sandslash,Sand Rush,99.760%
759,Sandslash,Sand Veil,0.240%
760,Steelix,Sturdy,82.896%
761,Steelix,Sheer Force,14.225%
762,Steelix,Rock Head,2.878%
763,Noctowl,Tinted Lens,97.481%
764,Noctowl,Insomnia,2.519%
765,Noctowl,Keen Eye,0.000%
766,Corsola,Hustle,100.000%
767,Corsola,Regenerator,0.000%
768,Mime Jr.,Soundproof,99.870%
769,Mime Jr.,Filter,0.130%
770,Mime Jr.,Technician,0.000%
771,Gourgeist-Large,Frisk,100.000%
772,Gourgeist-Large,Pickup,0.000%
